region_lookups	3824783
outside_lookups	83814
tree_lookups	3740969
tree_branches	59823748
tree_leaves	3740969
region_crossings	3562639
axis_advance_calls	10687917
axis_count_calls	10687917
axis_count_iterations	0
axis_count_collapsed_iterations	0
trace_region_iterations	3824783
rays	262144
final_hits	178330
final_misses	83814
image_pixels	262144
image_quads	87381
frame_roots	1
axis_count_zero_mid_iterations	0
plane_predicate_evaluations	17952681
zero_event_predicate_evaluations	2029727
estimate_up_steps	7264728
estimate_down_steps	36
correction_iterations	17952681
correction_fuel_exhaustions	0
