build	function	generated_symbol
baseline	Axis.count	spin_45
baseline	Axis.advance	spin_61
baseline	Tree.region	spin_63
baseline	Crossing.region	spin_99
baseline	Grid.region	spin_102
baseline	Grid.region.valid	spin_103
baseline	Trace.regions	spin_141
baseline	Trace.mode	spin_181
candidate	Axis.before	spin_19
candidate	Axis.correct	spin_26
candidate	Axis.count	spin_46
candidate	Axis.advance	spin_62
candidate	Tree.region	spin_64
candidate	Crossing.region	spin_101
candidate	Grid.region	spin_104
candidate	Grid.region.valid	spin_105
candidate	Trace.regions	spin_143
candidate	Trace.mode	spin_183
